{
  "mean": [
    124.78576218956859,
    5.083473711191973,
    5.083473711191973,
    8.319871717840947,
    12.92577842158673,
    3.22903156220086,
    23.792422462963575,
    23.792422462963575,
    0.0
  ],
  "std": [
    107.13764089634569,
    1835.9104793545898,
    1835.9104793545898,
    4.063147270702677,
    5.4413682485874615,
    1.0573115072788526,
    253.51213162845195,
    253.51213162845195,
    1.0
  ]
}